Reg. No.,Study Action No.,Study,Facility,Phase,Cause,Consequences,Recommendations,Company Name,Discipline,Sub-Discipline,Future Action Response,Due Date,0
1,PSD-HUC-001,MRU Barge Campaign Post Shutdown Phase CRA,BRG-CPP,MRU Integration Project Post-Shutdown Phase,Uncertainties or improper work planning on manpower loading during Post-SD campaign including Operations work group manpower,"Disruptions to work plan requiring site adjustments or rearrangement of POB, e.g. demob POB, resulting in delays to complete planned work campaign activities.","To review Post-SD campaign manning level and update to include additional 5 POB from Hess Operations during start-up for 3-5 days, as advised by Hess Operations, i.e. 65 pax instead of 60 pax.",MMHE,HUC,HUC,,31-Jul-20,0
2,PSD-HUC-002,MRU Barge Campaign Post Shutdown Phase CRA,BRG-CPP,MRU Integration Project Post-Shutdown Phase,Uncertainties or improper work planning on manpower loading during Post-SD campaign including Operations work group manpower,"Disruptions to work plan requiring site adjustments or rearrangement of POB, e.g. demob POB, resulting in delays to complete planned work campaign activities.","To confirm if accommodation for Sapura T&I POB can be arranged at CPP, during Post-SD campaign. To then review and update work campaign POB plan, as required.",Hess ,Construction,Construction,,31-Jul-20,0
3,PSD-HUC-003,MRU Barge Campaign Post Shutdown Phase CRA,BRG-CPP,MRU Integration Project Post-Shutdown Phase,Loss of power to lighting and essential equipment during night work activities at CPP,"Unsafe conditions, Unsafe acts - resulting in personnel injuries / fatality due to falls, incorrect handling of energized tools or equipment, falling from height, adverse weather, etc.and equipment / asset damage.","To confirm if MRU Gas and Condensate Modules lighting fixtures will be commissioned and energized prior to night work activities at these modules including adsorbent lifting / material transfer activities. If module lightings cannot be energized, to assess requirement for temporary lighting fixtures to perform work activities during night time.",MMHE,Commissioning,Commissioning,,31-Jul-20,0
4,PSD-HUC-004,MRU Barge Campaign Post Shutdown Phase CRA,BRG-CPP,MRU Integration Project Post-Shutdown Phase,"1. Unavailability of support personnel or Inadequate supervision for night work activities

2. Improper / Inadequate work control procedures for night work activities, E.g. Work packs, method statements, JSA","Unsafe conditions, Unsafe acts - resulting in personnel injuries / fatality due to falls, incorrect handling of energized tools or equipment, falling from height, adverse weather, etc.and equipment / asset damage.","To review current Post-SD HUC work packs (for planned night work activities, e.g. RT, NDT, hydrotests, adsorbent loading, etc.) and Project EHS Bridging document (for unplanned or extended hours work activities), and update to include controls for night work activities including requirement for JSA, location of work, area restriction due to work activities, required manning, etc.",MMHE,Commissioning,Commissioning,,31-Jul-20,0
5,PSD-HUC-005,MRU Barge Campaign Post Shutdown Phase CRA,BRG-CPP,MRU Integration Project Post-Shutdown Phase,"Current work plan is for AWB to move-out to stand-off location during night time 
(no gangway transfer between CPP and AWB during night shift)

Restrictions on Maximum POB at CPP during night time - shall not exceed 120 POB (based on CPP Life boat capacity 3x50%)

(Max HUC personnel for night shift - 20 at one time)","Unable to mobilize all 20 pax for planned work activities, resulting in delays to complete work campaign - Number of HUC personnel during night time will be restricted to maximum number of allowable POB at CPP","To ensure that AWB will be available for personnel transfer operations during all planned night work activities. 

On opportunity basis, to review with Operations to accommodate HUC night work activities personnel at CPP (as part of CPP POB)",MMHE,Marine,Marine,,31-Jul-20,0
6,PSD-HUC-006,MRU Barge Campaign Post Shutdown Phase CRA,BRG-CPP,MRU Integration Project Post-Shutdown Phase,Inappropriate muster area location considering HUC work activities and POB during Post-SD Campaign ,Personnel unable to safely muster and communicate in emergency events resulting in increased risks of personnel injuries / fatalities.,"To review proposed muster area including provisions at muster area, during Post-SD campaign with Hess Operations, based on planned manning levels. To then update Project SIMOPS Plan, Bridging ERP and Onboarding / Pre-boarding information, as required.

Current Muster Area - Primary at LQ + Lifeboat Embarkation (not all POB at LQ), and Secondary at Lifeboat Embarkation. ",Hess ,EHS,Technical Safety ,,31-Jul-20,0
7,PSD-HUC-007,MRU Barge Campaign Post Shutdown Phase CRA,BRG-CPP,MRU Integration Project Post-Shutdown Phase,"Personnel unaware or not familiar with change of Emergency Response procedures at facility - same personnel transitioning from SD to Post-SD Campaign

(During Pre/Post-SD and SD there will be different muster area, POB controls, etc.)",Personnel unable to safely muster and communicate in a timely manner during emergency events resulting in increased risks of personnel injuries / fatality.,"To ensure that relevant HUC work pack are updated for relocation of T-Card boards, temporary muster area signage, work vests, etc. - to relocate from location during Shutdown to location during Post-Shutdown Campaign. To then ensure execution of work is performed at start of Post-Shutdown campaign.",MMHE,HUC,HUC,,31-Jul-20,0
8,PSD-HUC-008,MRU Barge Campaign Post Shutdown Phase CRA,BRG-CPP,MRU Integration Project Post-Shutdown Phase,"Personnel unaware or not familiar with change of Emergency Response procedures at facility - same personnel transitioning from SD to Post-SD Campaign

(During Pre/Post-SD and SD there will be different muster area, POB controls, etc.)",Personnel unable to safely muster and communicate in a timely manner during emergency events resulting in increased risks of personnel injuries / fatality.,"To ensure that an EHS Induction is arranged at site to communicate updates or changes on muster area and POB control, from Shutdown to Post-Shutdown campaign.",MMHE,EHS,Technical Safety ,,31-Jul-20,0
9,PSD-HUC-009,MRU Barge Campaign Post Shutdown Phase CRA,BRG-CPP,MRU Integration Project Post-Shutdown Phase,"Personnel unaware or not familiar with change of Emergency Response procedures at facility - same personnel transitioning from SD to Post-SD Campaign

(During Pre/Post-SD and SD there will be different muster area, POB controls, etc.)",Personnel unable to safely muster and communicate in a timely manner during emergency events resulting in increased risks of personnel injuries / fatality.,To ensure that an Emergency Drill is performed at early stage of Post-Shutdown Campaign.,Hess ,EHS,Technical Safety ,,31-Jul-20,0
10,PSD-HUC-010,MRU Barge Campaign Post Shutdown Phase CRA,BRG-CPP,MRU Integration Project Post-Shutdown Phase,Demobilization / removal of temporary HUC LSA equipment activities - Inadequate LSA equipment provision for personnel escape and evacuation due to increase of manning level at BRG CPP ,Personnel unable to escape and evacuate in a safe and timely manner resulting in increased risks of personnel injuries / fatalities.,"During removal of liferafts, to ensure POB onboard CPP is controlled / aligned with available LSA on CPP, i.e. maximum of 120 POB, based on CPP lifeboat capacity for 3x50% POB. ",MMHE,HUC,HUC,,31-Jul-20,0
11,PSD-HUC-011,MRU Barge Campaign Post Shutdown Phase CRA,BRG-CPP,MRU Integration Project Post-Shutdown Phase,Demobilization / removal of temporary HUC LSA equipment activities - Inadequate LSA equipment provision for personnel escape and evacuation due to increase of manning level at BRG CPP ,Personnel unable to escape and evacuate in a safe and timely manner resulting in increased risks of personnel injuries / fatalities.,"To ensure removal of liferafts is scheduled as a final work activity during work campaign, prior to HUC demobilization from CPP.",MMHE,HUC,HUC,,31-Jul-20,0
12,PSD-HUC-012,MRU Barge Campaign Post Shutdown Phase CRA,BRG-CPP,MRU Integration Project Post-Shutdown Phase,"1. Insufficient / obstruction of work access and egress due to storage of temporary work campaign equipment and tools at BRG CPP

2. Improper storage of hazardous temporary equipment giving, e.g. pressurized bottle storage","1. Unsafe work conditions, unsafe acts - resulting in increased risk of personnel injuries, equipment damage and delays to complete work campaign.

2. Disruption of other work group activities","To review suitability of proposed HUC temporary equipment storage area during Post-Shutdown campaign with Hess Operations, considering accessibility, proximity to platform equipment during material transfer, Operations work area, etc. 

If temporary equipment storage area requires to be relocated, to update HUC work packs and relevant procedures, e.g. Area 2 used as gas-rack during Shutdown campaign, and proposed to be reused during Post-Shutdown.",MMHE,HUC,HUC,,31-Jul-20,0
13,PSD-HUC-013,MRU Barge Campaign Post Shutdown Phase CRA,BRG-CPP,MRU Integration Project Post-Shutdown Phase,"Material Handling activities close to hydrocarbon containment equipment in Operations - e.g. hydrocarbon piping, vessels","Damage to hydrocarbon containment equipment, leading to LOPC risks leading to fire & explosion, resulting in personnel injuries / fatalities, major platform asset and environmental impacts.",To review work site and proximity of work activities to platform hydrocarbon containment equipment. To ensure adequate work area separation or barricade is erected if work is in close proximity to hydrocarbon containment equipment. To reflect requirement in HUC work pack layouts and JSA.,MMHE,HUC,HUC,,31-Jul-20,0
14,PSD-HUC-014,MRU Barge Campaign Post Shutdown Phase CRA,BRG-CPP,MRU Integration Project Post-Shutdown Phase,"1. Incorrect / improper pressurized habitat installation at BRG CPP Hazardous Classified Area 

2. Improper / Lack of inspections and verifications of habitat set-up for safe operations
","Source of ignition causing Increased risk of fire & explosion in event of hydrocarbon LOPC, resulting in personnel injuries / fatalities, major platform asset and environmental impacts.","To review Pressurized Habitat sizes based on planned work activities. To ensure adequate modular habitat provisions are made available at site to optimize habitat operations and controls, e.g. single habitat for work site in close proximity.
To then update relevant HUC work packs and TEC list.",MMHE,HUC,HUC,,31-Jul-20,0
15,PSD-HUC-015,MRU Barge Campaign Post Shutdown Phase CRA,BRG-CPP,MRU Integration Project Post-Shutdown Phase,Concurrent pressurized habitat operations (hot work activities) - up to 6 at one time during Post-Shutdown campaign,Refer to MRU Integration Project Pre-Shutdown Campaign Concurrent Hot work RA,To ensure recommendations from MRU Integration Project Pre-Shutdown Campaign Concurrent Hotwork Risk Assessment are adopted and incorporated into relevant Post-Shutdown Campaign safe work procedures and work packs.,MMHE,HUC,HUC,,31-Jul-20,0
16,PSD-HUC-016,MRU Barge Campaign Post Shutdown Phase CRA,BRG-CPP,MRU Integration Project Post-Shutdown Phase,"Inadequate separation between air intake and exhaust, or distance from hazardous area

Current proposed habitat ducting is 5m in length and blower has been sized considering this ducting length","Unsafe conditions due to improper ventilation - Source of ignition causing Increased risk of fire & explosion in event of hydrocarbon LOPC, resulting in personnel injuries / fatalities, major platform asset and environmental impacts.","To ensure adequate consumables and spares for air intake and exhaust ducting are available at site to satisfy habitat procedure requirement for separation of at least 5m away from hazardous area, e.g. additional ducting, adequate or larger blower fan capacity, etc.",MMHE,HUC,HUC,,31-Jul-20,0
17,PSD-HUC-017,MRU Barge Campaign Post Shutdown Phase CRA,BRG-CPP,MRU Integration Project Post-Shutdown Phase,"Inadequate separation between air intake and exhaust, or distance from hazardous area

Current proposed habitat ducting is 5m in length and blower has been sized considering this ducting length","Unsafe conditions due to improper ventilation - Source of ignition causing Increased risk of fire & explosion in event of hydrocarbon LOPC, resulting in personnel injuries / fatalities, major platform asset and environmental impacts.","To review proposed habitat locations and establish additional consumables and spares required for safe routing of pressurized habitat air intake and exhaust duction, and reflect in TEC list. ",MMHE,HUC,HUC,,31-Jul-20,0
18,PSD-HUC-018,MRU Barge Campaign Post Shutdown Phase CRA,BRG-CPP,MRU Integration Project Post-Shutdown Phase,"Currently, category 2 Hotwork activities in non-hazardous area require Pressurized containment habitats as per Project specifications and procedures. However, this is not required as per Hess PTW procedure.","1. Additional work requirement, requiring additional work steps (additional manual handling), posing schedule constraints and longer duration to carry out work activities

2. Additional manual handling to set-up and monitor habitat operations, resulting in increased risk of personnel injuries from manual handling hazards","To review current Project Pressurized Habitat procedure for Category 2 hotwork activities in non-hazardous area against Hess Safe Work Procedures.
If allowable, to consider containment habitat for Category 2 hotwork activities in non-hazardous area during Post-SD campaign, to reduce or simplify work requirement, minimize schedule constraints, etc.",Hess,EHS,Technical Safety ,,31-Jul-20,0
19,PSD-HUC-019,MRU Barge Campaign Post Shutdown Phase CRA,BRG-CPP,MRU Integration Project Post-Shutdown Phase,"Cable and hose length, rating or arrangement limitations - from portable diesel generator and compressor to users","Disruptions to planned work activities, requiring rectification at site - delays to work campaign, requiring reverification and suitability of new location of equipment","To confirm hose arrangement from portable diesel compressor and cable arrangement from portable diesel generator, to furthest consumer - to ensure no limitations for use during work campaign during Post-SD. To include adequacy check and hose / cable management in HUC work packs. ",MMHE,HUC,HUC,,31-Jul-20,0
20,PSD-HUC-020,MRU Barge Campaign Post Shutdown Phase CRA,BRG-CPP,MRU Integration Project Post-Shutdown Phase,"Incompatible / Incorrect connection types or methods for water supply

","Unsafe conditions or Unsafe acts (e.g. unauthorized modifications, make shift fittings, etc.) resulting in increased risk of personnel injuries / fatality and equipment / asset damage due to hose or fitting burst-of","To ensure temporary equipment and ship loose items (hose, fittings, etc.) are adequately preserved after pre-mobilization inspection. To describe requirement in Project Packing and Preservation Procedure. ",MMHE,HUC,HUC,,31-Jul-20,0
21,PSD-HUC-021,MRU Barge Campaign Post Shutdown Phase CRA,BRG-CPP,MRU Integration Project Post-Shutdown Phase,Obstruction of CPP fixed escape routes and work access / egress due to scaffolding fixtures,Personnel unable to escape and evacuate in a safe and timely manner  resulting in increased risks of personnel injuries / fatalities.,"To review proposed additional scaffold fixtures during Post-SD Campaign and identify locations where access / egress to work area and fixed escape routes are blocked / partially blocked.

To then propose mitigations, e.g. propose alternative scaffold erection methods prior to mobilization to site (desktop review) and carry-out pre-survey on proposed locations for Post-SD campaign. To then update relevant work packs, as required. ",MMHE,HUC,HUC,,31-Jul-20,0
22,PSD-HUC-022,MRU Barge Campaign Post Shutdown Phase CRA,BRG-CPP,MRU Integration Project Post-Shutdown Phase,Inadequate manpower to complete scaffolding dismantling activities within proposed work campaign schedule,"1. Delays to complete dismantling of scaffolding activities, resulting in delays to demobilize from CPP

2. Aggressive schedule and high volume of work to dismantle all scaffolding fixtures as part of demobilization, resulting in increased risk of personnel injuries, unsafe acts, etc.","To update Project schedule to reflect dismantling of scaffolding fixtures progressively, as highlighted in discipline HUC work packs.",MMHE,HUC,HUC,,31-Jul-20,0
23,PSD-HUC-023,MRU Barge Campaign Post Shutdown Phase CRA,BRG-CPP,MRU Integration Project Post-Shutdown Phase,Incorrect bundle lift procedures,"Unsafe acts, leading to dropped objects resulting personnel injuries, asset / equipment damage.",To ensure a work pack is developed to capture safe work procedures for bundle lifting and ensure Operations Support Interface Plan includes provision for baskets (i.e. 20Ft) to transfer scaffolding materials back to AWB.,MMHE,HUC,HUC,,31-Jul-20,0
24,PSD-HUC-024,MRU Barge Campaign Post Shutdown Phase CRA,BRG-CPP,MRU Integration Project Post-Shutdown Phase,Dismantling scaffold fixtures and material handling in close proximity to existing platform equipment or field instruments,"Unsafe acts - damage existing platform equipment and field instruments, requiring repair / replacement - minor LOPC risks resulting in personnel injuries, asset damage requiring repair, replacement and clean-up","To include requirement in Scaffolding dismantling HUC Work Pack for review of work site and proximity of work activities to platform structure, equipment including instruments. 
To then ensure work area controls are reflected in JSA specific to Scaffolding dismantling, removal and material transfer activities, including type of rigging / lifting aids.",MMHE,HUC,HUC,,31-Jul-20,0
25,PSD-HUC-025,MRU Barge Campaign Post Shutdown Phase CRA,BRG-CPP,MRU Integration Project Post-Shutdown Phase,Dismantling scaffold fixtures and material handling in close proximity to existing platform equipment or field instruments,"Unsafe acts - damage existing platform equipment and field instruments, requiring repair / replacement - minor LOPC risks resulting in personnel injuries, asset damage requiring repair, replacement and clean-up",To ensure that separate PTW is raised for dismantling and removal of scaffolding (not same PTW with scaffolding erection or modifications).,MMHE,HUC,HUC,,31-Jul-20,0
26,PSD-HUC-026,MRU Barge Campaign Post Shutdown Phase CRA,BRG-CPP,MRU Integration Project Post-Shutdown Phase,Dismantling scaffold fixtures and material handling in close proximity to existing platform equipment or field instruments,"Unsafe acts - damage existing platform equipment and field instruments, requiring repair / replacement - minor LOPC risks resulting in personnel injuries, asset damage requiring repair, replacement and clean-up","To review lesson learnt by Hess on scaffolding activities, and ensure recommendations are incorporated into work plan and relevant HUC work packs, e.g. usage of scaffolding baskets / bags, suitable ropes on pulleys, etc.",MMHE,HUC,HUC,,31-Jul-20,0
27,PSD-HUC-027,MRU Barge Campaign Post Shutdown Phase CRA,BRG-CPP,MRU Integration Project Post-Shutdown Phase,Incorrect storage area of paint materials,"Paint spillage, splash leading to unsafe conditions resulting in personnel injuries from slip / trips / falls, respiratory issues, minor environmental impact (overboard paint spillage) and impact to surrounding work area requiring clean up / reworks.","To ensure that Post-SD Campaign Offshore HUC Work Packs are updated to include proposed location for control and storage of paint materials and painting chemicals at BRG-CPP (e.g. natural ventilation, secondary containment for spillage in containers, display MSDS, etc.). 

To then review and finalize work packs with Operations, prior to mobilization.",MMHE,HUC,HUC,,31-Jul-20,0
28,PSD-HUC-028,MRU Barge Campaign Post Shutdown Phase CRA,BRG-CPP,MRU Integration Project Post-Shutdown Phase,"Loss of vessel control, essential equipment or DP capabilities - power failure, external environmental loadings, miscommunication, incompetent personnel, human errors, etc. leading to uncontrolled vessel movement or vessel drift ","1. When vessel at platform South, leading to drift on position to BRG-CPP on prevailing wind conditions, causing vessel contact / collision with BRG-CPP,  resulting in platform structural damage or deformities requiring repair / rectification works, and unsafe conditions resulting in personnel injuries / fatalities from direct hazard exposure or hazard escalations (E.g. vessel localized fire, man overboard, hull damage, etc.).

2. When vessel at platform North, causing possible vessel contact / collision with BRG-WHA, if not drift away from platform, depending on Monsoon conditions,  
resulting in platform structural damage or deformities requiring repair / rectification works, and unsafe conditions resulting in personnel injuries / fatalities from direct hazard exposure or hazard escalations (E.g. vessel localized fire, man overboard, hull damage, etc.).","Marine Spread Operations at Site – AWB, AHTS and FCB. To ensure availability of a standby vessel at site to support work campaign activities, e.g. when working overboard, for personnel transfer etc.",MMHE,Marine,Marine,,31-Jul-20,0
29,PSD-HUC-029,MRU Barge Campaign Post Shutdown Phase CRA,BRG-CPP,MRU Integration Project Post-Shutdown Phase,Restriction to Helicopter operations at Field during HUC Barge campaign and T&I Lifting,"1. Disruptions to helicopter operations, delays to mob / demob personnel resulting in delays to work campaign

2. Disruptions / delays to MEDEVAC operations, resulting increased risk of personnel injuries / fatality",To submit planned HUC and T&I Marine vessel positions and movement throughout Barge Campaign to helibase coordinator. ,Hess,Marine,Marine,,31-Jul-20,0
30,PSD-HUC-030,MRU Barge Campaign Post Shutdown Phase CRA,BRG-CPP,MRU Integration Project Post-Shutdown Phase,Restriction to Helicopter operations at Field during HUC Barge campaign and T&I Lifting,"1. Disruptions to helicopter operations, delays to mob / demob personnel resulting in delays to work campaign

2. Disruptions / delays to MEDEVAC operations, resulting increased risk of personnel injuries / fatality","To confirm if there are restrictions to helicopter operations at CPP during T&I heavy lift and HUC Barge campaign activities. If there are restrictions, to review MEDEVAC methods and establish alternative methods, e.g. MEDEVAC via FSO, etc.",Hess,EHS,Technical Safety ,,31-Jul-20,0
31,PSD-HUC-031,MRU Barge Campaign Post Shutdown Phase CRA,BRG-CPP,MRU Integration Project Post-Shutdown Phase,"Restrictions on CPP crane operations due to congested vessel deck space with HUC equipment, or improper space allocation on vessel for safe lifting activities","1. Normal Operations Zone - Dropped objects to sea, dropped to deck from material lifts and transfers for Material lifts in normal operation zone resulting in personnel injuries / fatality, vessel asset damage, loss of HUC equipment

2. Exception Zone - Dropped objects to sea, dropped to deck from material lifts and transfers resulting in personnel injuries / fatalities, vessel asset damage, fire and explosion at CPP and subsea release due to subsea asset damage (pipeline) at North / South of CPP ","To perform a study to assess impact of dropped objects to subsea asset during Post-Shutdown campaign outboard lifting activities, and propose required control measures.",Hess,EHS,Technical Safety ,,31-Jul-20,0
32,PSD-HUC-032,MRU Barge Campaign Post Shutdown Phase CRA,BRG-CPP,MRU Integration Project Post-Shutdown Phase,"Restrictions on CPP crane operations due to congested vessel deck space with HUC equipment, or improper space allocation on vessel for safe lifting activities","1. Normal Operations Zone - Dropped objects to sea, dropped to deck from material lifts and transfers for Material lifts in normal operation zone resulting in personnel injuries / fatality, vessel asset damage, loss of HUC equipment

2. Exception Zone - Dropped objects to sea, dropped to deck from material lifts and transfers resulting in personnel injuries / fatalities, vessel asset damage, fire and explosion at CPP and subsea release due to subsea asset damage (pipeline) at North / South of CPP ","To ensure that adequate AWB / AHT deck space are available for Post-Shutdown Campaign activities, e.g. removal of demolition scraps, other materials, equipment, etc.",MMHE,Marine,Marine,,31-Jul-20,0
33,PSD-HUC-033,MRU Barge Campaign Post Shutdown Phase CRA,BRG-CPP,MRU Integration Project Post-Shutdown Phase,Unaware of facility requirement for close-out and handover works,"Non-conformance issues, Unplanned work activities resulting in delays to complete work campaign",To include requirement for marking / painting of pad eyes utilized for gangway rigging (e.g. black color) in Post-SD HUC work pack.,MMHE,HUC,HUC,,31-Jul-20,0
34,PSD-HUC-034,MRU Barge Campaign Post Shutdown Phase CRA,BRG-CPP,MRU Integration Project Post-Shutdown Phase,Cat can temporary support not removed and left in-situ,Disruptions to normal operations work activities at MRU modules (post HUC work campaign),"To ensure that removed Cat can temporary support structure are properly preserved for storage, and returned to shore base for future use. To ensure work requirement is updated in relevant work packs and schedule.",MMHE,HUC,HUC,,31-Jul-20,0
35,PSD-HUC-035,MRU Barge Campaign Post Shutdown Phase CRA,BRG-CPP,MRU Integration Project Post-Shutdown Phase,"Incorrect work methods, coordination issues -Material handling in close proximity to new module equipment, e.g. during lifting and lowering of drop object protection panel to location",Swing / dropped objects causing damage to new module structure and equipment requiring repair and rectification works resulting in personnel injuries / fatality and delays to complete work campaign.,"To ensure a lifting plan is developed and endorsed by Hess Lifting TA, for lifting of drop protection panel for Gas and Condensate Module from AHT to CPP work site.",MMHE,HUC,HUC,,31-Jul-20,0
36,PSD-HUC-036,MRU Barge Campaign Post Shutdown Phase CRA,BRG-CPP,MRU Integration Project Post-Shutdown Phase,"Incorrect work methods, coordination issues -Material handling in close proximity to new module equipment, e.g. during lifting and lowering of drop object protection panel to location",Swing / dropped objects causing damage to new module structure and equipment requiring repair and rectification works resulting in personnel injuries / fatality and delays to complete work campaign.,To ensure that installation guides are provided for drop protection panel installation for Gas and Condensate Module (to guide during lowering / installation). To update HUC work packs.,MMHE,HUC,HUC,,31-Jul-20,0
37,PSD-HUC-037,MRU Barge Campaign Post Shutdown Phase CRA,BRG-CPP,MRU Integration Project Post-Shutdown Phase,"Incorrect / improper handling of PFP material - incorrect PPE, inadequate work area control / restrictions, spill control, etc.","1. Flammable material (solvent), Increased risk of localized fire resulting in personnel injuries, due to surrounding work activities, e.g. hotwork

2. Paint spillage, splash leading to unsafe conditions resulting in personnel injuries from slip / trips / falls, respiratory issues, minor environmental impact (overboard paint spillage) and impact to surrounding work area requiring clean up / reworks.","To review current work pack for PFP coating works and ensure safe work area controls are clearly described for Offshore work activities at CPP, e.g. work site preparation, restrictions of concurrent or work in close proximity, material storage location and handling, spill containment, etc.",MMHE,HUC,HUC,,31-Jul-20,0
38,PSD-HUC-038,MRU Barge Campaign Post Shutdown Phase CRA,BRG-CPP,MRU Integration Project Post-Shutdown Phase,"Incorrect / improper handling of PFP material - incorrect PPE, inadequate work area control / restrictions, spill control, etc.","1. Flammable material (solvent), Increased risk of localized fire resulting in personnel injuries, due to surrounding work activities, e.g. hotwork

2. Paint spillage, splash leading to unsafe conditions resulting in personnel injuries from slip / trips / falls, respiratory issues, minor environmental impact (overboard paint spillage) and impact to surrounding work area requiring clean up / reworks.","To review MSDS for PFP Coating material and solves, then confirm required work area controls, e.g. PPE, spill containment, etc.",MMHE,EHS,Technical Safety ,,31-Jul-20,0
39,PSD-HUC-039,MRU Barge Campaign Post Shutdown Phase CRA,BRG-CPP,MRU Integration Project Post-Shutdown Phase,"Incorrect / improper handling of PFP material - incorrect PPE, inadequate work area control / restrictions, spill control, etc.","1. Flammable material (solvent), Increased risk of localized fire resulting in personnel injuries, due to surrounding work activities, e.g. hotwork

2. Paint spillage, splash leading to unsafe conditions resulting in personnel injuries from slip / trips / falls, respiratory issues, minor environmental impact (overboard paint spillage) and impact to surrounding work area requiring clean up / reworks.","To review current MOPO on work area control or concurrent work restrictions during PFP coating. To then establish work area controls and restrictions, and reflect in Project MOPO / SIMOPS Plan.",Hess,EHS,Technical Safety ,,31-Jul-20,0
40,PSD-HUC-040,MRU Barge Campaign Post Shutdown Phase CRA,BRG-CPP,MRU Integration Project Post-Shutdown Phase,Untrained personnel for PFP coating application - Training by PFP maker,Incorrect work method / techniques requiring repair and rectification works resulting in reworks and delays to complete work campaign,To ensure that training certificates for personnel performing PFP coating works are formally submitted to Hess (training certificates by PFP maker),MMHE,HUC,HUC,,31-Jul-20,0
41,PSD-HUC-041,MRU Barge Campaign Post Shutdown Phase CRA,BRG-CPP,MRU Integration Project Post-Shutdown Phase,"Unclear work plan, Incorrect work sequencing with Structural work activities","Disruptions to other discipline planned work activities, resulting in delays to complete work campaign","To confirm work plan and sequence with Structural work activities, and reflect in Project schedule.",MMHE,HUC,HUC,,31-Jul-20,0
42,PSD-HUC-042,MRU Barge Campaign Post Shutdown Phase CRA,BRG-CPP,MRU Integration Project Post-Shutdown Phase,,"Disruptions to other discipline planned work activities, resulting in delays to complete work campaign","To consider performing blasting activities for PFP coat area during Shutdown Campaign, to minimize work area restrictions or limitations required during Post-Shutdown (Platform live with Hydrocarbon)",MMHE,HUC,HUC,,31-Jul-20,0
43,PSD-HUC-043,MRU Barge Campaign Post Shutdown Phase CRA,BRG-CPP,MRU Integration Project Post-Shutdown Phase,"Unclear work plan, Incorrect work sequencing with Structural work activities","Disruptions to other discipline planned work activities, resulting in delays to complete work campaign","To review work sequence and work area control to perform Blasting and PFP coating, e.g. Blasting activities should not be performed in close proximity to PFP coating, etc. ",MMHE,HUC,HUC,,31-Jul-20,0
44,PSD-HUC-044,MRU Barge Campaign Post Shutdown Phase CRA,BRG-CPP,MRU Integration Project Post-Shutdown Phase,"Improper work area isolation or controls for blasting activities
","1. Unsafe conditions from blasting garnet / debris at work areas and access ways leading to personnel injuries due to slips, trips or falls and asset impact requiring clean-up and repair / rectifications if damaged.

2. Personnel respiratory illness due to inhalation of blasting garnet / debris.","To review current work pack and procedure for blasting and painting works and ensure safe work area controls are clearly described for Offshore work activities at CPP, e.g. work site preparation, restrictions of concurrent work in close proximity, material storage location and handling, debris waste management, etc.",MMHE,EHS,Technical Safety ,,31-Jul-20,0
45,PSD-HUC-045,MRU Barge Campaign Post Shutdown Phase CRA,BRG-CPP,MRU Integration Project Post-Shutdown Phase,Inadequate / Incorrect work control procedures for removal and collection of blasting garnet / debris,"1. Unsafe conditions from blasting garnet / debris at work areas and access ways leading to personnel injuries due to slips, trips or falls and asset impact requiring clean-up and repair / rectifications if damaged.

2. Personnel respiratory illness due to inhalation of blasting garnet / debris.","To review existing Waste Management Procedure and ensure handling and disposal of garnet residue, blasting debris, etc. (air borne) are described including required equipment / tools.",MMHE,EHS,Technical Safety ,,31-Jul-20,0
46,PSD-HUC-046,MRU Barge Campaign Post Shutdown Phase CRA,BRG-CPP,MRU Integration Project Post-Shutdown Phase,Inadequate / Incorrect work control procedures for removal and collection of blasting garnet / debris,"1. Unsafe conditions from blasting garnet / debris at work areas and access ways leading to personnel injuries due to slips, trips or falls and asset impact requiring clean-up and repair / rectifications if damaged.

2. Personnel respiratory illness due to inhalation of blasting garnet / debris.","To confirm methods for containing blasting garnet / debris from impacting platform work area, and to sea. To then update blasting procedure and work pack.",MMHE,HUC,HUC,,31-Jul-20,0
47,PSD-HUC-047,MRU Barge Campaign Post Shutdown Phase CRA,BRG-CPP,MRU Integration Project Post-Shutdown Phase,"Improper work area isolation or controls for blasting activities
","Source of ignition at hazardous classified area on platform during normal operations, leading to increased risks of fire and explosion in event of gas leaks, resulting in personnel injuries / fatalities, major asset and environmental impacts","To review Blasting work activity equipment set-up and assembly, and establish required work area control, e.g. compressor, loose tools, equipment, etc. To then update blasting procedure and work pack.",MMHE,HUC,HUC,,31-Jul-20,0
48,PSD-HUC-048,MRU Barge Campaign Post Shutdown Phase CRA,BRG-CPP,MRU Integration Project Post-Shutdown Phase,"Suitability of habitat for blasting activities

Current procedure is to perform blasting activities in Pressurized Habitat","Blasting debris / garnet can damage pressurized habitat set-up, e.g. canvas, blocked supply / exhaust fans, etc.

Compromised habitat leading to Source of ignition at hazardous classified area on platform during normal operations, leading to increased risks of fire and explosion in event of gas leaks, resulting in personnel injuries / fatalities, major asset and environmental impacts.
",To confirm if blasting activities is to be categorized as Category 2 hotwork activity.,MMHE,EHS,Technical Safety ,,31-Jul-20,0
49,PSD-HUC-049,MRU Barge Campaign Post Shutdown Phase CRA,BRG-CPP,MRU Integration Project Post-Shutdown Phase,"Suitability of habitat for blasting activities

Current procedure is to perform blasting activities in Pressurized Habitat","Blasting debris / garnet can damage pressurized habitat set-up, e.g. canvas, blocked supply / exhaust fans, etc.

Compromised habitat leading to Source of ignition at hazardous classified area on platform during normal operations, leading to increased risks of fire and explosion in event of gas leaks, resulting in personnel injuries / fatalities, major asset and environmental impacts.
","To confirm habitat type requirement for blasting activities, considering by-product of activity, i.e. blasting debris / garnet. To then update blasting procedure and work pack, including required work area controls for source of ignition.",MMHE,HUC,HUC,,31-Jul-20,0
50,PSD-HUC-050,MRU Barge Campaign Post Shutdown Phase CRA,BRG-CPP,MRU Integration Project Post-Shutdown Phase,Removal of deck grating to perform piping material transfer work activities,"Unsafe conditions leading to personnel falling to deck below resulting in personnel injuries / fatality, or slips, trips, falls resulting in personnel injuries","To ensure work packs describe work steps and proposed control measures for removal and reinstallation of platform grating (i.e. temporary barricade, drop zone identification on deck below, etc.)

To also identify suitable locations for grating removal considering access, clashes with platform structural beams, live equipment, and describe method for removing grating (bolted grating).",MMHE,HUC,HUC,,31-Jul-20,0
51,PSD-HUC-051,MRU Barge Campaign Post Shutdown Phase CRA,BRG-CPP,MRU Integration Project Post-Shutdown Phase,"Improper / inadequate work area controls / restrictions during acid picking activities, incorrect work method / sequence, Improper PPE for work activity","Personnel injuries due to direct contact or exposure to acid chemicals, chemical spillage on deck.","To update Post-SD HUC Work Pack to reflect that acid pickling will be performed at AWB laydown area for stainless steel pipe as confirmed during CRA, and describe controls for work activities at AWB. 

To then review and verify proposed control measures for work activities with AWB (SKOM).",MMHE,HUC,HUC,,31-Jul-20,0
52,PSD-HUC-052,MRU Barge Campaign Post Shutdown Phase CRA,BRG-CPP,MRU Integration Project Post-Shutdown Phase,Incorrect storage area of chemicals - acid materials,"Personnel injuries due to direct contact or exposure to acid chemicals, chemical spillage on deck.","For stainless steel piping spools that are cleaned via acid pickling on AWB, to confirm method of inspections (e.g. visual if accessible, if not via boroscope) and cleaning (e.g. blower), upon transfer of spool from AWB to CPP for tie-in works. To then update Post-Shutdown HUC work pack as required. ",MMHE,HUC,HUC,,31-Jul-20,0
53,PSD-HUC-053,MRU Barge Campaign Post Shutdown Phase CRA,BRG-CPP,MRU Integration Project Post-Shutdown Phase,"1. Failure of test spools, bolts, blanks, equipment.

2. Incorrect / inadequate procedures and controls for work activities.

3. Human errors - lack of supervision, coordination of work issues.","Overpressure of testing equipment assembly on deck leading to Projectiles, resulting in asset damage, personnel injuries / fatality, HUC equipment damage and vessel damage.","To confirm if there will be restricted personnel movement on AWB Deck during hydrotest activities (Hydrotest activities will be performed at Temporary workshop on AWB deck).

To then propose mitigation measures for safe access passage on AWB deck and reflect in a relevant HUC safe work procedure (e.g. physical barricade at hydrotest area to reduce risks of projectiles to walkway area, HUC equipment stored on deck, etc.).   

To then review and verify proposed control measures for work activities with AWB (SKOM).",MMHE,HUC,HUC,,31-Jul-20,0
54,PSD-HUC-054,MRU Barge Campaign Post Shutdown Phase CRA,BRG-CPP,MRU Integration Project Post-Shutdown Phase,"Improper / inadequate work area controls,  restrictions or isolations during radiography activities, incorrect work method / sequence
",Unsafe conditions leading to personnel health issues due to exposure to radioactive material.,"To describe how RT sources will be safely handled and stored at CPP / WHA, in a relevant work procedure (e.g. NDT Procedure, EHS Procedure)",MMHE,HUC,HUC,,31-Jul-20,0
55,PSD-HUC-055,MRU Barge Campaign Post Shutdown Phase CRA,BRG-CPP,MRU Integration Project Post-Shutdown Phase,"Improper / inadequate work area controls,  restrictions or isolations during radiography activities, incorrect work method / sequence
",Unsafe conditions leading to personnel health issues due to exposure to radioactive material.,"To update Operations Interface Plan to reflect proposed RT source storage area, and review / finalize with Operations, prior to mobilization to site.",MMHE,HUC,HUC,,31-Jul-20,0
56,PSD-HUC-056,MRU Barge Campaign Post Shutdown Phase CRA,BRG-CPP,MRU Integration Project Post-Shutdown Phase,"Improper / inadequate work area controls,  restrictions or isolations during radiography activities, incorrect work method / sequence
",Unsafe conditions leading to personnel health issues due to exposure to radioactive material.,To ensure role of RPO is described in Offshore Post-Shutdown HUC Work Packs - Certified RPO onboard AWB during transfer from shore and during work activities at BRG-CPP,MMHE,HUC,HUC,,31-Jul-20,0
57,PSD-HUC-057,MRU Barge Campaign Post Shutdown Phase CRA,BRG-CPP,MRU Integration Project Post-Shutdown Phase,"Improper / inadequate work area controls,  restrictions or isolations during radiography activities, incorrect work method / sequence
",Unsafe conditions leading to personnel health issues due to exposure to radioactive material.,"To confirm work plan for RT activities during Post-Shutdown campaign, considering work duration and location, e.g. during night time, rest time during day shift for works close to overboard, etc. To then review work plan, finalize with Operations and update Project schedule and relevant work packs.  ",MMHE,HUC,HUC,,31-Jul-20,0
58,PSD-HUC-058,MRU Barge Campaign Post Shutdown Phase CRA,BRG-CPP,MRU Integration Project Post-Shutdown Phase,Restrictions on AWB deck when performing RT Inspection,"Large space on AWB Main deck or entire AWB Main Deck may be inaccessible during RT work activity (could be for more than 2 hours), leading to

- Unsafe conditions, personnel exposed to radioactive sources during emergency conditions requiring personnel presence on AWB main deck, resulting in personnel health impacts
 - Disruptions to AWB marine work activities on main deck due to area restrictions",To ensure RT work activities are performed on BRG-CPP / WHA.,MMHE,HUC,HUC,,31-Jul-20,0
59,PSD-HUC-059,MRU Barge Campaign Post Shutdown Phase CRA,BRG-CPP,MRU Integration Project Post-Shutdown Phase,"Tie-in to existing Desander skid PVRV vent line (Hot tie-in) 

1. Incorrect work sequence, Work Interface issues for tie-in work activities

2. Incorrect / Inadequate isolation of existing hydrocarbon piping","Source of ignition from hotwork leading to increased risks of fire and explosion due to hydrocarbon presence, resulting in personnel injuries / fatalities, major asset and environmental impacts.","To confirm with Operations - if existing desanding unit can be shutdown and isolated for tie-in of new  3”-VA-20010-M01N-HUC_Sht_1 (SP1) and 3”-VA-20011-M01N-HUC_Sht_1 (SP1) lines.

If confirmed, to update HUC work pack to reflect safe isolation of equipment and N2 purging requirement prior to tie-in activities.

Alternatively, to perform work activity during Shutdown work campaign, and include requirement for isolation verification and N2 purging in HUC work pack.",MMHE,HUC,HUC,,31-Jul-20,0
60,PSD-HUC-060,MRU Barge Campaign Post Shutdown Phase CRA,BRG-CPP,MRU Integration Project Post-Shutdown Phase,Mercury oxide fumes evolving from existing pipework during hotwork,"1. Short-term exposure to high concentrations of mercury vapor during maintenance activities causing personnel health issues - respiratory, nervous systems, etc.

2. Long-term exposures of mercury during maintenance activities causing personnel health issues - nervous system.

Note: PEL for elemental mercury is 0.025mg/m3, Organic mercury is 0.01 mg/m3, whilst Inorganic mercury is 0.1 mg/m3.","To review hazard of mercury oxide fumes evolving from existing pipework due amalgams during hotwork with UDPS (for tie-in of new piping to existing desander skid PVRV vent line), and propose required work control measures for work activity, e.g. mercury PPE. ",Hess,Operations ,Operations ,,31-Jul-20,0
61,PSD-HUC-061,MRU Barge Campaign Post Shutdown Phase CRA,BRG-CPP,MRU Integration Project Post-Shutdown Phase,Mercury oxide fumes evolving from existing pipework during hotwork,"1. Short-term exposure to high concentrations of mercury vapor during maintenance activities causing personnel health issues - respiratory, nervous systems, etc.

2. Long-term exposures of mercury during maintenance activities causing personnel health issues - nervous system.

Note: PEL for elemental mercury is 0.025mg/m3, Organic mercury is 0.01 mg/m3, whilst Inorganic mercury is 0.1 mg/m3.","To then ensure required PPE for work activity (for tie-in of new piping to existing desander skid PVRV vent line), upon advise by UDPS are provided at site, and requirement included in work pack. ",MMHE,HUC,HUC,,31-Jul-20,0
62,PSD-HUC-062,MRU Barge Campaign Post Shutdown Phase CRA,BRG-CPP,MRU Integration Project Post-Shutdown Phase,"Incorrect method to install and secure life saving equipment - rope ladder base, life raft base, etc.","Life saving equipment not available for use during operations - deviation from facility normal operation EER philosophy and procedures, and Non-conformance issues",To review and confirm current method for securing life saving equipment at new location on Gas and Condensate Modules. To then update HUC work packs as required.,MMHE,HUC,HUC,,31-Jul-20,0
63,PSD-HUC-063,MRU Barge Campaign Post Shutdown Phase CRA,BRG-CPP,MRU Integration Project Post-Shutdown Phase,"1. Inadequate / incorrect inspection for new Ex-rated equipment, i.e. not performing detailed inspections for new equipment 

2. Incompetent / Uncertified persons performing Ex-rated equipment installation, inspections and verifications, 
i.e. personnel without IECEx Certificate of Personnel Competence (CoPC)","Source of ignition at hazardous classified area on platform during normal operations, leading to increased risks of fire and explosion in event of gas leaks","To ensure requirement for IECEx Certificate of Personnel Competence (CoPC) as per Contract requirement for Ex equipment installation and inspection are implemented, e.g. Supervisor with Ex-003 and inspection of Ex-rated equipment (Ex-001/007/0008). To update Project mobilization Plan and HUC work packs as required.",MMHE,HUC,HUC,,31-Jul-20,0
64,PSD-HUC-064,MRU Barge Campaign Post Shutdown Phase CRA,BRG-CPP,MRU Integration Project Post-Shutdown Phase,"1. Human errors - Incompetent personnel handling electrical equipment, Incorrect / Inadequate electrical isolations

2. Incorrect / Invalid tools and measurement devices

3. Unrestricted access to area where electrical equipment is energized.","Electrocution, Electrical arc flash resulting in personnel injuries / fatality, asset /  equipment damage, and inadvertent trips causing disruptions to work activities at CPP requiring investigation, verification of safe work site or rectification works","To ensure a Commissioning Work Pack is developed for testing and energization of lighting circuit, upon installation during Post-shutdown campaign.",MMHE,Commissioning,Commissioning,,31-Jul-20,0
65,PSD-HUC-065,MRU Barge Campaign Post Shutdown Phase CRA,BRG-CPP,MRU Integration Project Post-Shutdown Phase,Unaware of facility requirement for close-out and handover works - not performing lux tests,"Unable to verify adequacy of lighting fixtures as per engineering requirement, Unplanned work activities resulting in delays to complete work campaign",To ensure requirement for lux test work activity including inspections and verifications are included in Pre-Comm Work Pack.,MMHE,HUC,HUC,,31-Jul-20,0
66,PSD-HUC-066,MRU Barge Campaign Post Shutdown Phase CRA,BRG-CPP,MRU Integration Project Post-Shutdown Phase,"Incorrect work sequence, Work Interface issues for isolation and draining of instrument tubing from Hydrocarbon piping system","1. Hydrocarbon spillage at work site,  leading to potential fire, if ignited, resulting in personnel injuries/ fatality and asset damage.

2. Projectiles due to trapped pressure hazards resulting in personnel injuries and asset damage.","To ensure work plan and work activity controls for removing of PDIT including safe isolation of instrument, tubing disconnection, draining and mercury hazard control, are included in a HUC work pack and JSA. To also include reinstallation of tubing and required leak tests  in this HUC work pack.",MMHE,HUC,HUC,,31-Jul-20,0
67,PSD-HUC-067,MRU Barge Campaign Post Shutdown Phase CRA,BRG-CPP,MRU Integration Project Post-Shutdown Phase,Unavailability of removed F&G detector and Field Instrument during Post-SD (platform live),"Reduction of F&G detection coverage and Unavailability of monitoring instrument (PDIT) on Process - Prolonged isolation, extension of Inhibit / Override certificate requiring review and reassessment for adequacy of available controls / safeguards and mitigations for continued safe operations  ",To perform during SD campaign or immediately after shutdown - Reinstatement of instrument and F&G detector removed during Pre-SD.,MMHE,HUC,HUC,,31-Jul-20,0
68,PSD-HUC-068,MRU Barge Campaign Post Shutdown Phase CRA,BRG-CPP,MRU Integration Project Post-Shutdown Phase,Inadequate / unclear work instructions - for work at marshalling cabinet ," Inadvertent trips causing  disruptions to work activities at CPP requiring investigation, verification of safe work site or rectification works, or platform inadvertent shutdown","To ensure a Commissioning Work Pack is developed for reconnecting knife switch terminal block at FGS system panel FGS, upon reinstallation during Post-shutdown campaign.",MMHE,HUC,HUC,,31-Jul-20,0
69,PSD-HUC-069,MRU Barge Campaign Post Shutdown Phase CRA,BRG-CPP,MRU Integration Project Post-Shutdown Phase,"1. Improper / Inadequate work control procedures, E.g. Leak test procedures, Workpack, work instructions, JSA

2. Human errors - Untrained / Incompetent personnel for work campaign activities, Unclear work roles and responsibilities, inadequate work supervision and coordination for work activities

3. Mismatch of job tasks to personnel work activities - inadequate or unclear job requirements, unrealistic targets or job expectations

4. Improper work interface planning and coordination - poor work interfaces, unclear reporting relationships, lack of clear planning, miscommunications","1. Unsafe acts, unsafe conditions or conflicting work instructions resulting in increased risks of personnel injuries or fatality.

2. Incorrect / Improper execution of work activities leading to reworks or rectification works, project equipment / asset damage and delays to complete operations.","To ensure Leak Test Procedure & Work Packs are updated to incorporate recommendations raised in this CRA. Additionally, ensure that the Procedure and Work Packs are reviewed and aligned to Leak Test Contractor recommended safe work procedures and practices.",MMHE,HUC,HUC,,31-Jul-20,0
70,PSD-HUC-070,MRU Barge Campaign Post Shutdown Phase CRA,BRG-CPP,MRU Integration Project Post-Shutdown Phase,"1. Improper / Inadequate work control procedures, E.g. Leak test procedures, Workpack, work instructions, JSA

2. Human errors - Untrained / Incompetent personnel for work campaign activities, Unclear work roles and responsibilities, inadequate work supervision and coordination for work activities

3. Mismatch of job tasks to personnel work activities - inadequate or unclear job requirements, unrealistic targets or job expectations

4. Improper work interface planning and coordination - poor work interfaces, unclear reporting relationships, lack of clear planning, miscommunications","Incorrect / Improper execution of work activities leading to reworks or rectification works, project equipment / asset damage and delays to complete operations.","To describe requirement for Leak Test Packs to be formally signed-off by Leak Test Contractor and Hess, prior to start of works, in Leak Test procedure and work packs.",MMHE,HUC,HUC,,31-Jul-20,0
71,PSD-HUC-071,MRU Barge Campaign Post Shutdown Phase CRA,BRG-CPP,MRU Integration Project Post-Shutdown Phase,Loss of power to lighting and essential equipment during night work activities - Platform and Work Area ,"Unsafe conditions, Unsafe acts - resulting in personnel injuries / fatality due to falls, incorrect handling of energized tools or equipment, falling from height, adverse weather, etc.and equipment / asset damage","To review adequacy of lighting fixtures at N2 skid area and leak tests work activities area. If inadequate, to provide temporary lighting fixtures. To describe requirement in Leak Test Procedure.",MMHE,HUC,HUC,,31-Jul-20,0
72,PSD-HUC-072,MRU Barge Campaign Post Shutdown Phase CRA,BRG-CPP,MRU Integration Project Post-Shutdown Phase,"Inadequate / improper response procedures to scenarios requiring emergency response, first aid and MEDEVAC during work activities for N2 / N2He skid operations","Unable to attend to, rescue or retrieve personnel in a safe and timely manner resulting in increased risks of personnel injuries / fatality.",To ensure Bridging ERP is updated to include incident response and contingency procedures to emergency scenario arising from N2 skid operations (as per hazards identified in this CRA and as recommended by leak test contractor).,MMHE,EHS,Technical Safety ,,31-Jul-20,0
73,PSD-HUC-073,MRU Barge Campaign Post Shutdown Phase CRA,BRG-CPP,MRU Integration Project Post-Shutdown Phase,"Inadequate bunding and deck camber at N2 liquid tank and pump area to drain and contain spillage

(Deck camber - sloped deck to allow draining of spilled liquid to collection / isolation point)","Unsafe conditions due to unable contain Spillage of N2 liquid at work site, resulting in personnel injuries (cold burns, frost bite, etc.) and platform deck damage requiring repair and rectification works.","To review suitability of proposed storage area and ensure appropriate bunding method (e.g. suitable canvas layered with wooden planks), deck camber, area restriction and controls considering escape routes, etc. are provided at N2 tank storage area. 

To then reflect in Leak Test Procedure, Work Pack and JSA, and develop  a specific liquid N2 spill contingency procedure.",MMHE,HUC,HUC,,31-Jul-20,0
74,PSD-HUC-074,MRU Barge Campaign Post Shutdown Phase CRA,BRG-CPP,MRU Integration Project Post-Shutdown Phase,"N2 skid layout dimension - Currently skid layout is larger than available proposed space on CPP Top deck

(Skid layout comprise of N2 Tanks, Helium bottle rack, N2 pumps, Overpressure protection skid)","Unable to locate entire skid on CPP Top Deck as planned, requiring site adjustment resulting in delays to complete work campaign","To check with leak test contractor on locating N2 skid at BRG-WHA (instead of CPP Top Deck), or alternatively propose how N2 skid assembly can be installed at CPP, e.g. locate test cabin outside of N2 skid, reduce test cabin size, etc.",MMHE,HUC,HUC,,31-Jul-20,0
75,PSD-HUC-075,MRU Barge Campaign Post Shutdown Phase CRA,BRG-CPP,MRU Integration Project Post-Shutdown Phase,"1. Improper storage of hazardous temporary equipment, e.g. pressurized Helium bottle storage 

2. Deterioration of bottle manifold","Unsafe conditions, Projectiles - resulting in personnel injuries / fatality","To ensure Helium bottle rack storage is reflected in the N2 skid layout and ensure work area restrictions requirement are reflected in the Leak Test Procedure, work pack and JSA.",MMHE,HUC,HUC,,31-Jul-20,0
76,PSD-HUC-076,MRU Barge Campaign Post Shutdown Phase CRA,BRG-CPP,MRU Integration Project Post-Shutdown Phase,"Pressurized hose routed to MRU Skid, Overboard, 

1. Improper hose routing, laying or inadequate securing methods 

2. Inadequate hose protection during work activities - exposed at work area, unrestricted access,  impacts from surrounding work activities

3. Damaged / deteriorated hose and fittings","Unsafe work conditions leading to Projectiles due to hose or fitting burst-off resulting in personnel injuries / fatality, asset damage.","To establish method to secure leak test hoses across platform work area including barricade requirement. To describe requirement in Leak Test procedure, work pack and JSA.",MMHE,HUC,HUC,,31-Jul-20,0
77,PSD-HUC-077,MRU Barge Campaign Post Shutdown Phase CRA,BRG-CPP,MRU Integration Project Post-Shutdown Phase,"Pressurized hose routed to MRU Skid, Overboard, 

1. Improper hose routing, laying or inadequate securing methods 

2. Inadequate hose protection during work activities - exposed at work area, unrestricted access,  impacts from surrounding work activities

3. Damaged / deteriorated hose and fittings","Unsafe work conditions leading to Projectiles due to hose or fitting burst-off resulting in personnel injuries / fatality, asset damage.","To ensure adequate protection are provided as per Hess requirement for connection of pressurized hoses, e.g. to install whipcheck safety cable. To describe requirement in Leak Test procedure, work pack and JSA.",MMHE,HUC,HUC,,31-Jul-20,0
78,PSD-HUC-078,MRU Barge Campaign Post Shutdown Phase CRA,BRG-CPP,MRU Integration Project Post-Shutdown Phase,"Incorrect / inadequate lifting work plans - Inadequate or incorrect rigging, congested laydown area, lifting above load limits, multiple lifts ","Unsafe work conditions, unsafe acts leading to dropped / swing objects resulting in personnel injuries / fatality, platform asset and equipment damage, work campaign equipment damage and delays to complete work campaign.",To review and ensure appropriate lifting / rigging arrangement for N2 skid and equipment are provided for safe material transfer. To describe in Leak Test procedure / work pack.,MMHE,HUC,HUC,,31-Jul-20,0
79,PSD-HUC-079,MRU Barge Campaign Post Shutdown Phase CRA,BRG-CPP,MRU Integration Project Post-Shutdown Phase,"Incorrect / inadequate procedures and controls for work activities - Incorrect / inadequate manual handling tasks plan or work instructions, unclear guidance on use of lifting or rigging aids 

","1. Unsafe work conditions, unsafe acts - resulting in personnel injuries due to slip, trip or falls, pinch points, impacts from objects under tension, dropped or swing objects.

2. Equipment / asset damage and delays to complete wok campaign.",To establish how N2 skid equipment and component will be transferred to site (mechanical and manual materials handling). To describe Leak Test procedure / work pack.,MMHE,HUC,HUC,,31-Jul-20,0
80,PSD-HUC-080,MRU Barge Campaign Post Shutdown Phase CRA,BRG-CPP,MRU Integration Project Post-Shutdown Phase,Unrestricted access to N2 skid area during operations,Excessive noise levels at work sites - personnel hearing impairment,"To ensure that N2 skid area is barricaded and provided with appropriate hazard signages (cold surfaces, noise from diesel engine operations, pressure hazards, etc.). To describe requirement Leak Test procedure, work pack and JSA.",MMHE,HUC,HUC,,31-Jul-20,0
81,PSD-HUC-081,MRU Barge Campaign Post Shutdown Phase CRA,BRG-CPP,MRU Integration Project Post-Shutdown Phase,"Incorrect coupling / nozzle fittings and connections, Hose or fitting deterioration. ","Unsafe work conditions leading to Projectiles due to hose or fitting burst-off during resulting in personnel injuries / fatality, platform asset and equipment damage at utility area","To review adequacy of proposed control measures in place and safety equipment within skid, e.g. against pressure hazards (projectiles) at platform work or common area, area restrictions, hose routing and management, etc.",MMHE,HUC,HUC,,31-Jul-20,0
82,PSD-HUC-082,MRU Barge Campaign Post Shutdown Phase CRA,BRG-CPP,MRU Integration Project Post-Shutdown Phase,N2 converter pump - excessive discharge pressure due to failure of pump controls,"Overpressure of CPP piping system being leak tested leading to projectiles, resulting in personnel injuries / fatality, and damage to asset / equipment.",To review N2 Overpressure Protection to ensure adequacy and suitability to test pressure being employed for CPP piping system. ,MMHE,HUC,HUC,,31-Jul-20,0
83,PSD-HUC-083,MRU Barge Campaign Post Shutdown Phase CRA,BRG-CPP,MRU Integration Project Post-Shutdown Phase,Inadequate piping system and equipment design pressure ,"Overpressure of N2 skid piping, hose, fittings leading to projectiles, resulting in personnel injuries / fatality, and damage to asset / equipment.",To confirm that Leak Test Procedure and Work packs include checklists for joint verification on design pressure ratings of N2 skid assembly.,MMHE,HUC,HUC,,31-Jul-20,0
84,PSD-HUC-084,MRU Barge Campaign Post Shutdown Phase CRA,BRG-CPP,MRU Integration Project Post-Shutdown Phase,"Large volume of N2 to be evacuated through platform flare header, potential flame-out at flare tip - For process systems leak tests ","Disruption to operations, Requiring re-ignition of flare","To ensure that depressurization methods during N2 leak tests are reviewed and approved - e.g. throttling of depressurization valve, type of valve, etc. To then describe requirement in Leak Test Procedure and Work Pack.",MMHE,HUC,HUC,,31-Jul-20,0
85,PSD-HUC-085,MRU Barge Campaign Post Shutdown Phase CRA,BRG-CPP,MRU Integration Project Post-Shutdown Phase,"Large volume of N2 to be evacuated through platform flare header, potential flame-out at flare tip - For process systems leak tests ","Disruption to operations, Requiring re-ignition of flare","To ensure work requirement to raise a PTW and to coordinate / communicate with Operations team prior to N2 leak test depressurization through flare header, is described in Leak Test Procedure and work pack.",MMHE,HUC,HUC,,31-Jul-20,0
86,PSD-HUC-086,MRU Barge Campaign Post Shutdown Phase CRA,BRG-CPP,MRU Integration Project Post-Shutdown Phase,N2 locally vented - For utility systems leak tests,"Risk of asphyxiation if routed to area where there is minimum natural ventilation (blockage of equipment, structure), resulting in personnel injuries / fatality",To ensure that N2 is routed / discharged to overboard and hose secured at site (N2 locally vented is not allowed). To describe requirement in Leak Test Procedure and Work Pack.,MMHE,HUC,HUC,,31-Jul-20,0
87,PSD-HUC-087,MRU Barge Campaign Post Shutdown Phase CRA,BRG-CPP,MRU Integration Project Post-Shutdown Phase,"Incorrect work sequence, Work Interface issues for breaking of leak test spread / assembly",Projectiles due to trapped pressure hazards within equipment / piping system resulting in personnel injuries/ fatality and asset damage.,To ensure checklists and verifications to control trapped pressure hazards are reflected in Leak Test Procedure & Work Packs,MMHE,HUC,HUC,,31-Jul-20,0
88,PSD-HUC-088,MRU Barge Campaign Post Shutdown Phase CRA,BRG-CPP,MRU Integration Project Post-Shutdown Phase,"1. PSV vent line (tail pipe) not routed to safe area - away from walkways, escape routes, equipment in proximity

2. PSV Vent line Close-to BRG-CPP air intakes","Unsafe conditions , resulting in personnel injuries from trips or falls, due to sudden PSV relief, and platform equipment damage.","To check and confirm with leak test contractor on required safe distance for PSV safe venting.

To then ensure PSV vent line is routed at a safe area - away from walkways, escape routes, equipment in proximity and air intakes to BRG-CPP manned area.",MMHE,HUC,HUC,,31-Jul-20,0
89,PSD-HUC-089,MRU Barge Campaign Post Shutdown Phase CRA,BRG-CPP,MRU Integration Project Post-Shutdown Phase,"Cryogenic process - Material embrittlement when exposed to low temperature. 

This condition can cause failure to happen in a short period of time and without imminent warning. ","Unsafe conditions, spillage of N2 liquid at work site, resulting in personnel injuries (cold burns, frost bite, etc.) and platform deck damage requiring repair and rectification works.","To confirm that material used for piping, hose and storage tank are suitable to process material and operating conditions (temperature / pressure). To then describe suitability and compatibility of material selection in Leak test procedure.",MMHE,HUC,HUC,,31-Jul-20,0
90,PSD-HUC-090,MRU Barge Campaign Post Shutdown Phase CRA,BRG-CPP,MRU Integration Project Post-Shutdown Phase,"Exhaust not installed and routed away from air intakes, or manned area","Unsafe conditions, Personnel exposure to exhaust fumes resulting in health impact",To ensure that diesel engine exhaust is routed at a safe area - away from BRG-CPP air intakes and manned area.,MMHE,HUC,HUC,,31-Jul-20,0
91,PSD-HUC-091,MRU Barge Campaign Post Shutdown Phase CRA,BRG-CPP,MRU Integration Project Post-Shutdown Phase,"Incorrect / improper equipment operations, lack of  monitoring during equipment operations, Inadequate equipment checks, inspection and maintenance, Incorrect start-up procedures","Unsafe conditions, Unsafe acts resulting in personnel injuries, damage to N2 skid and N2 liquid spillage on deck requiring rectifications and repairs.","To reflect manning requirement for N2 skid operations  in Leak Test work pack , i.e. continuously manned operation of skid (e.g. operations attended by pump operator at all times).",MMHE,HUC,HUC,,31-Jul-20,0
92,PSD-HUC-092,MRU Barge Campaign Post Shutdown Phase CRA,BRG-CPP,MRU Integration Project Post-Shutdown Phase,Incorrect  / unclear Leak test injection points,"Disruptions to work activities at site, resulting in delays to complete work ","To ensure that mark-up P&IDs showing proposed leak test injection points are reviewed and agreed with Hess, as part of Leak Test Work Pack.",MMHE,HUC,HUC,,31-Jul-20,0
93,PSD-HUC-093,MRU Barge Campaign Post Shutdown Phase CRA,BRG-CPP,MRU Integration Project Post-Shutdown Phase,Incorrect leak test pressure as per Project requirement,"Unable to carry out leak tests as planned, resulting in reworks and delays to complete work campaign. ","To ensure proposed leak test pressure are reviewed and agreed with Hess, as part of Leak Test Work Pack.",MMHE,HUC,HUC,,31-Jul-20,0
94,PSD-HUC-094,MRU Barge Campaign Post Shutdown Phase CRA,BRG-CPP,MRU Integration Project Post-Shutdown Phase,Incorrect Sizing capacity of N2 Isotanks and adequacy of He bottles,"Unable to carry out leak tests as planned, resulting in delays to complete work campaign. ","To ensure that Leak test skid sizing calculations for N2 isotanks and Helium bottles, are tabulated and included as part Leak Test Procedure and Work Pack, including monitoring at site. 

To also describe logistics arrangement and time frame for mobilization of additional N2 tanks and Helium bottles to site, as contingency for planned work campaign activities.",MMHE,HUC,HUC,,31-Jul-20,0
95,PSD-HUC-095,MRU Barge Campaign Post Shutdown Phase CRA,BRG-CPP,MRU Integration Project Post-Shutdown Phase,Incompatible / Incorrect connection types / sockets or rating for electrical connections to test cabin,"Unsafe conditions or Unsafe acts (e.g. unauthorized modifications, make shift fittings, etc.) leading to electrocution, Electrical arc flash resulting in personnel injuries / fatality and asset /  equipment damage","To ensure electrical power requirement and type of connection is described in Operations Support and Interface Plan (MMHE) including TEC list, if platform power is to be utilized.",MMHE,HUC,HUC,,31-Jul-20,0
96,PSD-HUC-096,MRU Barge Campaign Post Shutdown Phase CRA,BRG-CPP,MRU Integration Project Post-Shutdown Phase,"Inadequate / incorrect work method statement, procedures and provisions to perform repairs at site","Unable to perform repairs and reinstatement of system, resulting in delays to complete work campaign and start-up of MRU modules","To ensure Leak Test Procedure & Work Pack describe requirement for provision of spares for repair / reinstatement if leaks are detected on piping system (e.g. spare gaskets, etc.) and availability of personnel to perform these repairs (e.g. bolt tensioning)",MMHE,HUC,HUC,,31-Jul-20,0
97,PSD-HUC-097,MRU Barge Campaign Post Shutdown Phase CRA,BRG-CPP,MRU Integration Project Post-Shutdown Phase,Integrated Test performed during Post-Shutdown,"Spurious trips during normal operations, causing disruptions to production and operations, requiring platform restart  ","To perform Integrated Logic Tests during Shutdown Campaign, to reduce risks of Platform spurious trips. To propose work methods, platform interfaces and update in Commissioning HUC work packs / work plan, for Hess Operations review and approval.",MMHE,HUC,HUC,,31-Jul-20,0
98,PSD-HUC-098,MRU Barge Campaign Post Shutdown Phase CRA,BRG-CPP,MRU Integration Project Post-Shutdown Phase,"1. Coordination of work issues, Clash of work activities with other work groups

2. Human errors - Communication and coordination issues, Negligence, lack of / incorrect PPE for work activities, untrained / inexperienced personnel, Incorrect lifting or rigging aids, incorrect technique applied, Poorly positioned personnel","Unsafe work conditions, unsafe acts - resulting in personnel injuries / fatality, platform asset and equipment damage, and delays to complete work campaign.","To ensure adequate equipment securing method / lashing is available during transfer of materials to Gas / Condensate MRU modules (e.g. secure drums to pallet, etc.). To reflect requirement in work pack.",MMHE,Commissioning,Commissioning,,31-Jul-20,0
99,PSD-HUC-099,MRU Barge Campaign Post Shutdown Phase CRA,BRG-CPP,MRU Integration Project Post-Shutdown Phase,Weight / Load of equipment exceeding deck structure loading limits,Damage / deformities of deck structure requiring repair and rectification works.,To ensure that loads / weight of equipment during material transfers for adsorbent filling activities at Gas / Condensate MRU modules are reviewed and verified against platform deck structural limits and CPP Material Handling Study. To then review and update current material transfer plan if there are any limitations / restrictions required.,MMHE,HUC,HUC,,31-Jul-20,0
100,PSD-HUC-100,MRU Barge Campaign Post Shutdown Phase CRA,BRG-CPP,MRU Integration Project Post-Shutdown Phase,"1. Incorrect / Improper manual handling methods - Incorrect hand tools, lifting or rigging aids, incorrect technique applied, incorrect rating of tools, lifting or rigging aids, etc.

2. Incorrect / inadequate procedures and controls for work activities - Incorrect / inadequate manual handling tasks plan or work instructions, unclear guidance on use of lifting or rigging aids 

3. Human errors - Communication and coordination issues, poor position of personnel, Negligence, lack of / incorrect PPE for work activities

4. Uncertified or mechanical failures of  lifting aids or rigging equipment and tools","1. Unsafe work conditions, unsafe acts - resulting in personnel injuries due to slip, trip or falls, pinch points, impacts from objects under tension, dropped or swing objects, or when loading cat cans to work site for filling activities

2. Equipment / asset damage and delays to complete wok campaign.",To ensure work tasks and work activity controls for safe removal of equipment lashing / straps from pallets delivered from shore are reflected in work pack.,MMHE,Commissioning,Commissioning,,31-Jul-20,0
101,PSD-HUC-101,MRU Barge Campaign Post Shutdown Phase CRA,BRG-CPP,MRU Integration Project Post-Shutdown Phase,"Unavailability of the motorized pallet truck, due to equipment operability issues, clash of HUC activities, etc.","Unable to perform material handling activities at site, resulting in delays to complete work campaign","To ensure availability of motorized pallet truck for ceramic balls material transfer activities from laydown to Gas / Condensate MRU modules work sites, in alignment with Material Handling study.",MMHE,HUC,HUC,,31-Jul-20,0
102,PSD-HUC-102,MRU Barge Campaign Post Shutdown Phase CRA,BRG-CPP,MRU Integration Project Post-Shutdown Phase,"Obstructions with platform structure, lighting fixtures, field instrument supports, etc.","Unable to perform material handling activities at site, requiring site adjustments and removal of structure or fixtures, resulting in delays to complete work campaign",To review facility PDMS model and confirm that material transfers can be performed for planned ceramic balls and adsorbent filling works at Gas / Condensate MRU modules. To establish if any site adjustments or removals are required and seek agreement from Hess. To then update Work Packs as required.,MMHE,HUC,HUC,,31-Jul-20,0
103,PSD-HUC-103,MRU Barge Campaign Post Shutdown Phase CRA,BRG-CPP,MRU Integration Project Post-Shutdown Phase,"1. Insufficient, limited or obstruction of work area access / egress

2. Unsecured tools / materials when working at height, working at platform edge","1. Unsafe acts, unsafe conditions leading to personnel falling from height or man-overboard resulting in personnel injuries / fatality.

2. Dropped objects (tools / materials) to surrounding work area resulting in personnel injuries / fatality, equipment / asset damage and delays to complete work campaign.","To ensure that work pack and JSA are updated to reflect PPE requirement for working at height as per Hess requirement, i.e. safety harness.",MMHE,Commissioning,Commissioning,,31-Jul-20,0
104,PSD-HUC-104,MRU Barge Campaign Post Shutdown Phase CRA,BRG-CPP,MRU Integration Project Post-Shutdown Phase,Use of tools and portable / temporary equipment made of light metals (e.g. aluminium) in hazardous classified area,"Source of ignition at hazardous classified area on platform during normal operations, leading to increased risks of fire and explosion in event of gas leaks",To ensure tools and portable / temporary equipment to be used for work activities at CPP are not made of light metals (e.g. aluminium). To reflect requirement in work pack and JSA.,MMHE,Commissioning,Commissioning,,31-Jul-20,0
105,PSD-HUC-105,MRU Barge Campaign Post Shutdown Phase CRA,BRG-CPP,MRU Integration Project Post-Shutdown Phase,"Inadequate ventilation, oxygen deficiencies",Unsafe conditions resulting personnel injuries / fatality due to asphyxiation,"To establish vessel entry requirement including checklist for use during work campaign, i.e. To follow Hess procedure, or to bridge Hess and Contractor procedures.",MMHE,Commissioning,Commissioning,,31-Jul-20,0
106,PSD-HUC-106,MRU Barge Campaign Post Shutdown Phase CRA,BRG-CPP,MRU Integration Project Post-Shutdown Phase,"Personnel health issues, Medically unfit to carry out vessel entry work activities ",Increased risk of personnel injuries / fatality when performing vessel entry and working within vessel,"To confirm if there are any specific medical check requirement for personnel involved in confined space works / vessel entry, in accordance to DOSH requirement, etc. 
If confirmed, to include in work packs and capture verification of personnel competency in Project work plan.",MMHE,Commissioning,Commissioning,,31-Jul-20,0
107,PSD-HUC-107,MRU Barge Campaign Post Shutdown Phase CRA,BRG-CPP,MRU Integration Project Post-Shutdown Phase,"Airborne particles, Dusts - from ceramic balls handling and filling","1. Airborne dusts - Personnel respiratory illness due to inhalation of dusts

2. Personnel injuries if direct contact with particles - skin, eye irritation, ingestion",To establish required respiratory protection zone during ceramic ball and adsorbent filling activities. To then reflect zone barricade requirement in work pack and JSA. ,MMHE,Commissioning,Commissioning,,31-Jul-20,0
108,PSD-HUC-108,MRU Barge Campaign Post Shutdown Phase CRA,BRG-CPP,MRU Integration Project Post-Shutdown Phase,"Inadequate isolation from live platform process system - e.g. flare header

(Positive isolation required)","Hydrocarbon ingress into vessel being worked on, increased risk of fire and explosion resulting in personnel injuries / fatalities, major asset and environmental impact.","To ensure a rated blind flange is installed or other adequate means implemented for Gas / Condensate MRU vessel line connected to flare system, prior to vessel entry works, to satisfy the positive isolation requirement (as per Note 5 reflected in P&ID). To then reflect requirement in Work Pack and JSA, prior to opening of vessel man-hole.",MMHE,Commissioning,Commissioning,,31-Jul-20,0
109,PSD-HUC-109,MRU Barge Campaign Post Shutdown Phase CRA,BRG-CPP,MRU Integration Project Post-Shutdown Phase,"Inadequate isolation from live platform process system - e.g. flare header

(Positive isolation required)","Hydrocarbon ingress into vessel being worked on, increased risk of fire and explosion resulting in personnel injuries / fatalities, major asset and environmental impact.",To confirm requirement for positive isolation on all other inlet / outlet of Gas / Condensate MRU Vessels. To then update work pack and JSA as required.,MMHE,Commissioning,Commissioning,,31-Jul-20,0
110,PSD-HUC-110,MRU Barge Campaign Post Shutdown Phase CRA,BRG-CPP,MRU Integration Project Post-Shutdown Phase,Inadequate clearance for Tripod on top of vessel - clashing with platform new swing object protection structure,"Unable to perform vessel entry activities from top of vessel, requiring site adjustments and rectifications at site, resulting in delays to complete work campaign","To review HUC work campaign schedule and ensure dropped / swing object protection on MRU Gas / Condensate modules are sequenced to be installed upon completion of MRU vessels ceramic balls and adsorbent filling works (considering required material transfer space for cat can, funnel, funnel hose, etc.).",MMHE,HUC,HUC,,31-Jul-20,0
111,PSD-HUC-111,MRU Barge Campaign Post Shutdown Phase CRA,BRG-CPP,MRU Integration Project Post-Shutdown Phase,Inadequate clearance for Tripod on top of vessel - clashing with platform new swing object protection structure,"Unable to perform vessel entry activities from top of vessel, requiring site adjustments and rectifications at site, resulting in delays to complete work campaign",To consider performing a Trial-fit at Yard to verify that adequate clearance is available for tripod assembly.,MMHE,Commissioning,Commissioning,,31-Jul-20,0
112,PSD-HUC-112,MRU Barge Campaign Post Shutdown Phase CRA,BRG-CPP,MRU Integration Project Post-Shutdown Phase,Tripod used without fall arrestor ,"Unsafe conditions for vessel entry activities from top of vessel, leading to personnel falling from height, resulting in personnel injuries / fatality.",To ensure Tripod to be used for work activities at site is provided with valid fall arrestor.,MMHE,Commissioning,Commissioning,,31-Jul-20,0
113,PSD-HUC-113,MRU Barge Campaign Post Shutdown Phase CRA,BRG-CPP,MRU Integration Project Post-Shutdown Phase,Spillage of adsorbents during filling activities - from cat cans,"Adsorbent - Pyrophoric materials (Puraspec 1178 / 5199) - Self-healing material leading to potential fire 
 - Source of ignition at live platform leading to increased risk of fire and explosion, in event of gas leaks, resulting in personnel injuries / fatalities, major asset and environmental impact.",To update work pack to reflect source of nitrogen for use as part adsorbent spill contingency procedure.,MMHE,Commissioning,Commissioning,,31-Jul-20,0
114,PSD-HUC-114,MRU Barge Campaign Post Shutdown Phase CRA,BRG-CPP,MRU Integration Project Post-Shutdown Phase,"Inadequate N2 purging - impurities, lack of displacement flow","Adsorbent - Pyrophoric materials (Puraspec 1178 / 5199) - Self-healing material leading to potential fire 
 - Source of ignition at live platform leading to increased risk of fire and explosion, in event of gas leaks, resulting in personnel injuries / fatalities, major asset and environmental impact.","To confirm that Post-Shutdown Leak Test work pack includes monitoring requirement, continuous manning of N2 skid during N2 purging activities and communication protocols with adsorbent filling team.",MMHE,HUC,HUC,,31-Jul-20,0
115,PSD-HUC-115,MRU Barge Campaign Post Shutdown Phase CRA,BRG-CPP,MRU Integration Project Post-Shutdown Phase,"Inadequate N2 purging - impurities, lack of displacement flow","Adsorbent - Pyrophoric materials (Puraspec 1178 / 5199) - Self-healing material leading to potential fire 
 - Source of ignition at live platform leading to increased risk of fire and explosion, in event of gas leaks, resulting in personnel injuries / fatalities, major asset and environmental impact.",To ensure pressure monitoring device (pressure gauge) is provided at inlet to Gas / Condensate MRU vessels during N2 purging. To then describe requirement to monitor and check N2 supply into vessel as part of work activity in work pack and JSA.,MMHE,Commissioning,Commissioning,,31-Jul-20,0
116,PSD-HUC-116,MRU Barge Campaign Post Shutdown Phase CRA,BRG-CPP,MRU Integration Project Post-Shutdown Phase,"Inadequate N2 purging - impurities, lack of displacement flow","Adsorbent - Pyrophoric materials (Puraspec 1178 / 5199) - Self-healing material leading to potential fire 
 - Source of ignition at live platform leading to increased risk of fire and explosion, in event of gas leaks, resulting in personnel injuries / fatalities, major asset and environmental impact.","To reflect analyzer set-up (monitoring of O2, N2 content in vessels) and assembly in work pack, including safe discharge of sample through analyzer vent, and response required on equipment local alarms.",MMHE,Commissioning,Commissioning,,31-Jul-20,0
117,PSD-HUC-117,MRU Barge Campaign Post Shutdown Phase CRA,BRG-CPP,MRU Integration Project Post-Shutdown Phase,"1. N2 skid package unavailable / trip

2. Platform emergency events, requiring all personnel to safely isolate work site and proceed muster area","Adsorbent - Pyrophoric materials (Puraspec 1178 / 5199) - Self-healing material leading to potential fire 
 - Source of ignition at live platform leading to increased risk of fire and explosion, in event of gas leaks, resulting in personnel injuries / fatalities, major asset and environmental impact.","To confirm mitigation and contingency procedures for safely securing vessel and work site in the event of loss of N2 supply (unplanned) during adsorbent filling activities. 
To then describe safe work procedures and required provisions in work pack and JSA, to safely secure and isolate vessel and work site during adsorbent filling activities. ",MMHE,Commissioning,Commissioning,,31-Jul-20,0
118,PSD-HUC-118,MRU Barge Campaign Post Shutdown Phase CRA,BRG-CPP,MRU Integration Project Post-Shutdown Phase,"1. Unfavourable weather conditions - High winds, heavy rain

2. Work duration approaching monsoon season ","N2 purging operations stopped (unplanned) during adsorbent filling activities 

Adsorbent - Pyrophoric materials (Puraspec 1178 / 5199) - Self-healing material leading to potential fire 
- Source of ignition at live platform leading to increased risk of fire and explosion, in event of gas leaks, resulting in personnel injuries / fatalities, major asset and environmental impact.","To ensure adequate space is available at site to temporarily store cat cans, in event when filling activity is required to be stopped (unplanned) due to adverse weather conditions or emergency conditions requiring personnel to muster.

To then reflect in work pack - designated cat can storage area on MRU Gas / Condensate modules and requirement to move cat can to storage area.",MMHE,Commissioning,Commissioning,,31-Jul-20,0
119,PSD-HUC-119,MRU Barge Campaign Post Shutdown Phase CRA,BRG-CPP,MRU Integration Project Post-Shutdown Phase,Emergency conditions requiring personnel to leave worksite and proceed to designated muster area,"N2 purging operations stopped (unplanned) during adsorbent filling activities 

Adsorbent - Pyrophoric materials (Puraspec 1178 / 5199) - Self-healing material leading to potential fire 
- Source of ignition at live platform leading to increased risk of fire and explosion, in event of gas leaks, resulting in personnel injuries / fatalities, major asset and environmental impact.","To reflect in work pack - requirement to safely isolate, secure and store cat can in event of adverse weather conditions or emergency conditions, during adsorbent filling activities.",MMHE,Commissioning,Commissioning,,31-Jul-20,0
120,PSD-HUC-120,MRU Barge Campaign Post Shutdown Phase CRA,BRG-CPP,MRU Integration Project Post-Shutdown Phase,Incompatible cat can support fabricated,"Unable to perform filling activities, requiring site adjustments and rectifications resulting in delays to complete work activities.",To ensure that cat can support structure is reviewed and verified for compatibility against cat can funnel and dimensions to be used for Gas / Condensate MRU adsorbent filling activities.,MMHE,Commissioning,Commissioning,,31-Jul-20,0
121,PSD-HUC-121,MRU Barge Campaign Post Shutdown Phase CRA,BRG-CPP,MRU Integration Project Post-Shutdown Phase,"CPP crane lifting and rigging connected to cat can while filling activities are performed from top of vessel through a funnel
 - Sudden movement of crane, cat can move out of position, dropped cat can onto deck","Dropped Objects resulting in personnel injuries / fatality, asset / equipment damage","To review requirement to lock Crane boom, slew and hoist, to reduce risks of dropped or loss of control of cat can, due to sudden movement of crane. ",Hess,Operations ,Operations ,,31-Jul-20,0
122,PSD-HUC-122,MRU Barge Campaign Post Shutdown Phase CRA,BRG-CPP,MRU Integration Project Post-Shutdown Phase,"1. Unaware or not familiar with bridging Emergency Response procedures at facility

2. Unclear roles and responsibilities for handling of IP for medical treatment or MEDEVAC","1. Personnel unable to safely perform rescue or MEDEVAC activities, muster and communicate in a timely manner during emergency events resulting in increased risks of personnel injuries / fatality.

2. Coordination issues during emergency response, resulting in delays to perform emergency response and evacuation activities.","To ensure that an Emergency Drill, for a rescue from MRU vessel scenario, is performed at early stage of Post-Shutdown Campaign upon mobilization of adsorbent and ceramic balls filling work team to CPP. ",Hess,Operations ,Operations ,,31-Jul-20,0
123,PSD-HUC-123,MRU Barge Campaign Post Shutdown Phase CRA,BRG-CPP,MRU Integration Project Post-Shutdown Phase,"Storage of cat can filled with adsorbent on vessel deck during transfer to Offshore site - dangerous good classification under IMDG

Adsorbent - Pyrophoric materials (Puraspec 1178 / 5199) -  Adsorbent material are Self-heating materials that can act as sources of ignition, if exposed to atmosphere, not isolated from combustible materials","Improper cat cans storage and securing methods, leading to damage and adsorbent spillage on vessel deck due to impacts from surrounding work activities or vessel excessive rolls, causing fire on vessel deck, resulting in personnel injuries / fatality, vessel damage requiring repair / rectifications and delays to complete work campaign.","To confirm if ceramic balls stored in drums are considered hazardous and classified under IMDG. If confirmed, to ensure drums are stored at dedicated storage area on vessels to be used for material transfer.",MMHE,Marine,Marine,,31-Jul-20,0
124,PSD-HUC-124,MRU Barge Campaign Post Shutdown Phase CRA,BRG-CPP,MRU Integration Project Post-Shutdown Phase,"Storage of cat can filled with adsorbent on vessel deck during transfer to Offshore site - dangerous good classification under IMDG

Adsorbent - Pyrophoric materials (Puraspec 1178 / 5199) -  Adsorbent material are Self-heating materials that can act as sources of ignition, if exposed to atmosphere, not isolated from combustible materials","Improper cat cans storage and securing methods, leading to damage and adsorbent spillage on vessel deck due to impacts from surrounding work activities or vessel excessive rolls, causing fire on vessel deck, resulting in personnel injuries / fatality, vessel damage requiring repair / rectifications and delays to complete work campaign.","To confirm with Ajang (FCB) if vessel has valid IMDG classification (classified for carrying hazardous cargo) - to carry adsorbent cat cans. If not, vessel cannot be used for material transfers. To update work plan and procedures accordingly.",MMHE,Marine,Marine,,31-Jul-20,0
125,PSD-HUC-125,MRU Barge Campaign Post Shutdown Phase CRA,BRG-CPP,MRU Integration Project Post-Shutdown Phase,"Storage of cat can filled with adsorbent on vessel deck during transfer to Offshore site - dangerous good classification under IMDG

Adsorbent - Pyrophoric materials (Puraspec 1178 / 5199) -  Adsorbent material are Self-heating materials that can act as sources of ignition, if exposed to atmosphere, not isolated from combustible materials","Improper cat cans storage and securing methods, leading to damage and adsorbent spillage on vessel deck due to impacts from surrounding work activities or vessel excessive rolls, causing fire on vessel deck, resulting in personnel injuries / fatality, vessel damage requiring repair / rectifications and delays to complete work campaign.","To ensure that cat cans are stored at designated location with required work area controls on AWB / AHT, in accordance with IMDG requirement. To reflect in stowage plan and relevant work procedure.",MMHE,Marine,Marine,,31-Jul-20,0
126,PSD-HUC-126,MRU Barge Campaign Post Shutdown Phase CRA,BRG-CPP,MRU Integration Project Post-Shutdown Phase,"Storage of cat can filled with adsorbent on vessel deck during transfer to Offshore site - dangerous good classification under IMDG

Adsorbent - Pyrophoric materials (Puraspec 1178 / 5199) -  Adsorbent material are Self-heating materials that can act as sources of ignition, if exposed to atmosphere, not isolated from combustible materials","Improper cat cans storage and securing methods, leading to damage and adsorbent spillage on vessel deck due to impacts from surrounding work activities or vessel excessive rolls, causing fire on vessel deck, resulting in personnel injuries / fatality, vessel damage requiring repair / rectifications and delays to complete work campaign.","To ensure that a safe work procedure is available for clean-up of adsorbent spillage on vessel deck, as per adsorbent material SDS. To incorporate into Project Bridging ERP.",MMHE,EHS,Technical Safety ,,31-Jul-20,0
127,PSD-HUC-127,MRU Barge Campaign Post Shutdown Phase CRA,BRG-CPP,MRU Integration Project Post-Shutdown Phase,"1. Unfavourable weather conditions - High winds, heavy rain

2. Work duration approaching monsoon season ","Unable to perform material transfer, causing disruptions and delays to complete work campaign","To consider using AWB for temporary storage of cat cans / drums and lift / transfer to CPP, instead AHT / FCB, as AWB has DP capabilities and able to operate at higher weather tolerances.",MMHE,Marine,Marine,,31-Jul-20,0
128,PSD-HUC-128,MRU Barge Campaign Post Shutdown Phase CRA,BRG-CPP,MRU Integration Project Post-Shutdown Phase,"Limitations on crane operations due to congested vessel deck space, or improper space allocation on vessel for safe lifting and rigging activities

Adsorbent - Pyrophoric materials (Puraspec 1178 / 5199) -  Adsorbent material are Self-heating materials that can act as sources of ignition, if exposed to atmosphere, not isolated from combustible materials","Unsafe conditions, Unsafe acts leading to dropped / swing objects resulting in 
- personnel injuries / fatality and vessel asset damage,  
- ceramic ball drums damage, adsorbent cat can damage leading to spillage of adsorbent on vessel deck, causing fire on vessel deck, resulting in personnel injuries / fatality, vessel damage requiring repair / rectifications and delays to complete work campaign","To provide stowage plan on vessels to be used for transfer of adsorbents - to show equipment securing method / lashing and segregation, considering vessel motions during loading / unloading and journey from supply base.",MMHE,Marine,Marine,,31-Jul-20,0
129,PSD-HUC-129,MRU Barge Campaign Post Shutdown Phase CRA,BRG-CPP,MRU Integration Project Post-Shutdown Phase,Loss of power to lighting and essential equipment during night work activities - Marine Vessels,"Unsafe conditions, Unsafe acts - resulting in personnel injuries / fatality due to falls, man-overboard, incorrect handling of energized tools or equipment, adverse weather, etc.","If FCB can be used for transferring adsorbent cat cans / ceramic ball drums, to confirm and verify adequacy of lighting fixtures for night work activities on FCB during vessel inspection. If vessel there is inadequate lighting, to ensure additional lighting fixtures are provided. ",MMHE,Marine,Marine,,31-Jul-20,0
130,PSD-HUC-130,MRU Barge Campaign Post Shutdown Phase CRA,BRG-CPP,MRU Integration Project Post-Shutdown Phase,"Unavailability of CPP crane operators dedicated to adsorbent and ceramic balls filling / loading activities and throughout night shift - CPP crane operators (2 pax) will also perform work activities at WHA and remote WHPs, hence they may not be available at all times at CPP.","High to Continuous demand for Crane usage leading disruptions to other planned work activities at site, and Adsorbent and ceramic balls filling / loading activities resulting in delays to complete work campaign activities.
","To provide information on planned dates and estimated duration for use of platform cranes for adsorbent and ceramic balls filling / loading activities, for Operations Team to plan crane usage for other work activities.",MMHE,Commissioning,Commissioning,,31-Jul-20,0
131,PSD-HUC-131,MRU Barge Campaign Post Shutdown Phase CRA,BRG-CPP,MRU Integration Project Post-Shutdown Phase,"High to Continuous demand for CPP cranes during Adsorbent and ceramic balls filling / loading activities - transfer between vessel to work site, transfer / holding of cat cans during loading activities and during night shit "," High to Continuous demand for Crane usage leading to possible accelerated equipment inspection and maintenance requirement, recommended parts replacement, etc. resulting in unavailability of crane and delays to complete adsorbent and ceramic balls filling / loading activities","To mobilize crane technician (technician with Level 3 operator license) for work campaign, considering high frequency, duration of crane use and use throughout night shift.
(crane technician with operator license is proposed considering manning limitations during work campaign, i.e. 1 pax instead of 2 pax).",MMHE,HUC,HUC,,31-Jul-20,0
